"[Exy] Choo Sojung's Nostalgic V LIVE EP.01","en,es,in","https://vlive.tv/video/195316"
"[ì—‘ì‹œ] ì¶”ì†Œì •ì˜ ì¶”íŒ” V LIVE EP.01","en,es,in","https://vlive.tv/video/195234"
"[BONA] All of the sudden BONA TIMEâœŒ","ko","https://vlive.tv/video/193706"
"[DAWON] Let's spend Dawon's birthday togetherğŸ’•","zh","https://vlive.tv/video/186063"
"[Exy] Meeting UJUNG Before ExercisingğŸ§¡","zh","https://vlive.tv/video/183981"
"[DAWON] Dawon's At Home LiveğŸ¤ EP.01","en,pt,vi,ko","https://vlive.tv/video/183589"
"[Seola] Omniscient Seola's ViewğŸ‘€ğŸ’• EP.05 ","en,es,in,pt,vi","https://vlive.tv/video/183030"
"[Yeoreum] People Who Want To See Me, Come In ğŸ¤","en,vi","https://vlive.tv/video/182170"
"[EUNSEO] Todayâ€™s Stories EP.10","en,es,pt","https://vlive.tv/video/177380"
"[WJSN] ğŸ‚ğŸ’–HAPPY WJSN DAYğŸ’–ğŸ‚","en,es,in,pt,vi,jp,zh","https://vlive.tv/video/176930"
"[Dayoung] Dayoung's Cooking Class ğŸ³ Ep.12 (feat. Seol AğŸ±)","en,es,pt","https://vlive.tv/video/175241"
"[Exy Seol A] ExSeol's WJukebox ğŸ§ Ep.10","en,es,in,in,pt,ja,ko","https://vlive.tv/video/172051"
"[Eunseo] Today's Stories EP.07","en,es,in,pt,zh","https://vlive.tv/video/169540"
"[Seol A] Is it Seol A or Hyun Jung or Sharky? Her birthday is here","ja","https://vlive.tv/video/167101"
"[EXY] You Missed Me?","en,es,in,pt,vi,ja,ko","https://vlive.tv/video/164110"
"[Exy] You Missed Me, Right?","en,es,in,pt,pt,vi,ja,ko","https://vlive.tv/video/164102"
"[WJSN] As You Wish, 1st place ","en,es,in,pt,ja,ko","https://vlive.tv/video/162557"
"[WJSN] As You Wish, As You Wish La D-1ğŸ’ğŸ™","en,es,in,pt,ja,ko","https://vlive.tv/video/161161"
"[ë‹¤ì˜]ì„ë‹¤ì˜ íŠ¹íŒŒì›ì˜ ì‹±ê°€í¬ë¥´ ë°©ì†¡ ì‹œì‘","ko","https://vlive.tv/video/159865"
"HAPPY EXY DAYâ™¡","en,pt","https://vlive.tv/video/159133"
"[ì€ì„œ] ì€ì„œì˜ ëœë¤ê²Œì„ ğŸ¶ğŸ’ƒğŸ»ğŸ® Ep.04","en,es,pt","https://vlive.tv/video/157573"
"[Eunseo Dayoung] Are you surprised? EUNSEO-IMDA Ep.02","en,es,in,in,pt,pt,vi,zh,zh,zh,zh,ja,ko","https://vlive.tv/video/148449"
"[ë‹¤ì˜] ë‹¤ì˜ì´ì˜ ìš”ë¦¬êµì‹¤ğŸ³ Ep.11","en,es,es,in,in,pt,pt,zh,zh,ja,ko","https://vlive.tv/video/146585"
"[BONA] Happy BONA dayğŸ‚","en,es,in,pt,vi,th,zh,zh,ja,ko","https://vlive.tv/video/145159"
"[ë‹¤ì› ì—¬ë¦„] ë‹¤ë¦„ì´ì˜ ëš±ë•…ëš±ë•…ğŸµğŸµ Ep.01 / [Dawon Yeoreum] DaReum's Drumming ğŸµğŸµ Ep.01","en,es,es,in,in,pt,pt,vi,zh,zh,zh,ja,ko","https://vlive.tv/video/144577"
"[Seol A] Omniscient Seol A's ViewğŸ‘€ğŸ’• EP.04","en,es,es,in,in,pt,pt,vi,zh,ja,ko","https://vlive.tv/video/143956"
"[Yeonjung] Happy Birthday to MeğŸ’•","en,es,in,in,pt,vi,zh,zh,zh,ja,ko","https://vlive.tv/video/143034"
"[Seol A] Seol A's Omniscient POV ğŸ‘€ğŸ’• EP.03","en,es,es,in,in,pt,pt,zh,ja,ko","https://vlive.tv/video/141179"
"[Soobin] What are you up to these days~? Shall we meet up today~ğŸ˜˜","en,es,in,pt,ja,ko","https://vlive.tv/video/141109"
"[ë³´ë‚˜ ì€ì„œ] ì—°ìë§¤ì˜ ë§ˆìŒëŒ€ë¡œ EP.03 ëŒì•„ì˜¨ ì—°ê³ ë°©ğŸ”¥","en,es,in,pt,zh","https://vlive.tv/video/140539"
"[ì—‘ì‹œ] ì—‘ì‹œ ê¹œì§ ë“±ì¥ğŸ‘»","en,es,in,pt,zh,zh,ja,ko","https://vlive.tv/video/139049"
"[ìš°ì£¼ì†Œë…€] 1ìœ„ê°€ ë§ì§€? ë‘ê·¼ë‘ê·¼ëŒ€ğŸ’˜","en,es","https://vlive.tv/video/134307"
"[ìš°ì£¼ì†Œë…€] ìš°ì •ë“¤ ë¹¨ë¦¬ ì™€ë´ğŸ‘€ğŸ’˜","ko","https://vlive.tv/video/132277"
"[ë‹¤ì˜] ë‚˜ ì˜¤ëŠ˜ ìƒì¼ì´ì•¼ ìš°ì • ë¹¨ë¦¬ ì™€ğŸ‘€ğŸ’•","en,es,in,pt,ja,ko","https://vlive.tv/video/128843"
"[ì—¬ë¦„] ìš”ë¦¬ì™• ì—¬ë£¡ğŸ½ EP.02","en,es,in,pt,ja,ko","https://vlive.tv/video/126647"
"[ì„¤ì•„] ì „ì§€ì  ì„¤ì•„ ì‹œì ğŸ‘€ğŸ’• EP.02","en,es,es,es,in,in,pt,pt,th,ja,ko","https://vlive.tv/video/126431"
"[ì—°ì •] ì—°ì •ì´ì˜ í”Œë ˆì´ë¦¬ìŠ¤íŠ¸ğŸ¶ E0.03","en,es,in,pt","https://vlive.tv/video/125464"
"[ì€ì„œ] ì˜¤ëŠ˜ì˜ ì´ì•¼ê¸° EP.04","en,es,in,pt,zh,zh,ja,ko","https://vlive.tv/video/123748"
"[ì—‘ì‹œ ì„¤ì•„] ì—‘ë–¨ì˜ ìš°ì¥¬í¬ë°•ìŠ¤ğŸ§ Ep.09","en,es,es,in,in,pt,pt,zh,zh,ja,ko","https://vlive.tv/video/123059"
"[ë³´ë‚˜ ì€ì„œ] ì—°ìë§¤ì˜ ë§ˆìŒëŒ€ë¡œ EP.02 ì—°ìë§¤ì˜ ê·¸ë¦¬ìš´ ë–¡ë³¶ì´ğŸ½","en,es,in,pt,zh,zh,ja,ko","https://vlive.tv/video/122838"
"[ë³´ë‚˜ ì€ì„œ] ì—°ìë§¤ì˜ ë§ˆìŒëŒ€ë¡œ EP.01 ì¼ì‹¬ë™ì²´ğŸ’–","en,es,in,pt,zh,zh,zh,ja,ko","https://vlive.tv/video/120519"
"[ì€ì„œ] ì˜¤ëŠ˜ì˜ ì´ì•¼ê¸° EP.03","en,es,in,pt,vi,zh,zh,ja,ko","https://vlive.tv/video/119769"
"[ë‹¤ì˜] ë‹¤ì˜ì´ì˜ ìš”ë¦¬êµì‹¤ğŸ³ Ep.09","en,es,es,in,in,pt,pt,zh,zh,ja,ko","https://vlive.tv/video/119483"
"[ì„¤ì•„] ì „ì§€ì  ì„¤ì•„ ì‹œì ğŸ‘€ğŸ’• EP.01","en,es,in,in,pt,pt,vi,zh,zh,ja,ko","https://vlive.tv/video/119274"
"[ìˆ˜ë¹ˆ ì—¬ë¦„] ëšœë¦„ì˜ í™”ì´íŠ¸ë°ì´ğŸ¬ğŸ","en,es,in,pt,zh,zh,ja,ja,ko","https://vlive.tv/video/118431"
"[ìš°ì£¼ì†Œë…€] ì¸ë””ë“œ í™”ë³´ ì´¬ì˜ì¤‘ğŸ˜š","en,es,in,pt,vi,zh,zh,zh,ja,ko,ko","https://vlive.tv/video/117298"
"[ë£¨ë‹¤] Welcome LUDA's Birthday PartyğŸ‰","en,es,in,pt,vi,th,zh,zh,ja,ko","https://vlive.tv/video/116663"
"[ë£¨ë‹¤] ìƒì¼ ì „ì•¼ì œğŸ‚ğŸ‰","en,es,in,pt,vi,zh,zh,zh,ja,ko,ko","https://vlive.tv/video/116507"
"[ìš°ì£¼ì†Œë…€] SECRET BOX ì™„ë£Œâ¤","en,es,in,pt,vi,vi,th,zh,zh,ja,ko,ko","https://vlive.tv/video/116025"
"[ì—¬ë¦„] ì—¬ë¦„ì´ì˜ ë°œë Œíƒ€ì¸ ë² ì´í‚¹ğŸ«","en,es,in,pt,zh,zh,ja,ko","https://vlive.tv/video/112811"
"[ì—‘ì‹œ ë‹¤ì˜] ìš°ì£¼ì†Œë…€ ëŒ€ê¸°ì‹¤í† í¬ã…‹ã…‹ã…‹ã…‹","en,es,in,in,pt,vi,zh,zh,ja,ko,ko","https://vlive.tv/video/111674"
"[ì—¬ë¦„] ëŠ¦ì—ˆìœ¼ë‹ˆ ì˜¤ëŠ˜ë„ ë‚´ìƒì¼ğŸ¥°","en,es,in,pt,vi,zh,zh,ja,ko","https://vlive.tv/video/108685"
"[ìš°ì£¼ì†Œë…€] SHOW-CON ë§ˆë¬´ë¦¬â™¥ï¸","en,es,in,pt,vi,zh,zh,ja,ko,ko","https://vlive.tv/video/108198"
"[ì—°ì • ë‹¤ì›] ì—°ì •ì´ì™€ ë‹¤ì›ì´ì˜ STAY TIMEâ°ğŸ§¡","en,es,in,pt,vi,zh,zh,zh,ja,ja,ko,ko","https://vlive.tv/video/107688"
"[ì„¤ì•„ ì—‘ì‹œ] ì„¤ì•„ì™€ ì—‘ì‹œì˜ STAY TIMEâ°ğŸ§¡","en,es,in,pt,vi,zh,zh,ja,ko","https://vlive.tv/video/107502"
"[ë£¨ë‹¤ ìˆ˜ë¹ˆ] ë£¨ë‹¤ì™€ ìˆ˜ë¹ˆì´ì˜ STAY TIMEâ°ğŸ§¡","en,es,in,pt,vi,zh,zh,ja,ko","https://vlive.tv/video/107354"
"[ë³´ë‚˜ ì€ì„œ] ë³´ë‚˜ì™€ ì€ì„œì˜ STAY TIMEâ°","en,es,es,in,in,pt,pt,vi,zh,zh,ja,ko","https://vlive.tv/video/107201"
"[ìš°ì£¼ì†Œë…€] í•´í”¼ë‰´ì´ì–´ ìš°ì • ğŸ¥°","en,es,in,pt,vi,zh,zh,ja,ko","https://vlive.tv/video/106994"
"[ì„¤ì•„] ì„¤ì•„ì˜ ìƒì¼ íŒŒí‹°ì— ë†€ëŸ¬ì˜¤ì„¸ìš”","en,es,in,pt,pt,vi,zh,zh,ja,ko","https://vlive.tv/video/105938"
"[ë£¨ë‹¤ ë‹¤ì˜] ì‹±ê°€í¬ë¥´ğŸ‘­","en,es,in,pt,vi,th,zh,zh,ja,ko","https://vlive.tv/video/105573"
"[ì—¬ë¦„ ë‹¤ì˜ ì—°ì •] í¬ë ˆìš°ìŠ¤ì˜ ì  ê°€ë¥¼ ë¶€íƒí•´ V LIVEğŸ’œ","en,es,in,pt,zh,zh,ja,ko","https://vlive.tv/video/101562"
"[ì€ì„œ] ì˜¤ëŠ˜ì˜ ì´ì•¼ê¸° Ep.02","en,es,in,in,pt,ar,zh,zh,ja,ko","https://vlive.tv/video/100435"
"[ë‹¤ì˜] ë‹¤ì˜ì´ì˜ ìš”ë¦¬êµì‹¤ğŸ³ Ep.08","en,es,in,pt,zh,zh,ja,ko","https://vlive.tv/video/100186"
"[ìš°ì£¼ì†Œë…€] ì²˜ìŒë¶€í„° ì²œì¼ê¹Œì§€ í•¨ê»˜í•´ì¤˜ì„œ ê³ ë§ˆì›Œâ™¥","en,es,in,pt,zh,zh,ja,ko","https://vlive.tv/video/100044"
"[ì—°ì •] ì—°ì •ì´ì˜ í”Œë ˆì´ë¦¬ìŠ¤íŠ¸ ğŸ¶ Ep.02","en,es,in,pt,zh,zh,ja,ko","https://vlive.tv/video/99764"
"[ìˆ˜ë¹ˆ ì—¬ë¦„] ëšœë¦„ì˜ ì˜ˆìˆ ë½ë‚´ê¸°ğŸ¨ Ep.01","en,es,es,in,in,pt,pt,zh,zh,ja,ko","https://vlive.tv/video/99187"
"[ì—¬ë¦„ ë‹¤ì˜ ì—°ì •] í¬ë ˆìš°ìŠ¤ì˜ íŒ¨ì…˜ì²´ì¸ì§€ V LIVEğŸ’œ","en,es,es,in,in,pt,pt,vi,zh,zh,ja,ko","https://vlive.tv/video/98802"
"[ì—‘ì‹œ ìˆ˜ë¹ˆ ì€ì„œ] ì•„ê·€ë¥´ë–¼ìŠ¤ì˜ ì  ê°€ë¥¼ ë¶€íƒí•´ V LIVEğŸ’œ","en,es,in,pt,zh,zh,ja,ko","https://vlive.tv/video/98545"
"[ë£¨ë‹¤] ë£¨ë‹¤ì™€ ì¹´í˜ë°ì´íŠ¸ â˜• Ep.02","en,es,in,pt,vi,th,zh,zh,ja,ko","https://vlive.tv/video/98137"
"[ì—‘ì‹œ ì„¤ì•„] ì—‘ë–¨ì˜ ìš°ì¥¬í¬ë°•ìŠ¤ğŸ§ Ep.08","en,es,es,in,in,pt,pt,zh,zh,ja,ko","https://vlive.tv/video/97917"
"[ì—‘ì‹œ] í•´í”¼ì—‘ì‹œë°ì´ğŸ˜Š","en,es,in,pt,zh,zh,ja,ko","https://vlive.tv/video/97592"
"[ì€ì„œ] ì˜¤ëŠ˜ì˜ ì´ì•¼ê¸° Ep.01","en,es,in,pt,zh,zh,ja,ko","https://vlive.tv/video/97435"
"[ì—‘ì‹œ ìˆ˜ë¹ˆ ì€ì„œ] ì•„ê·€ë¥´ë–¼ìŠ¤ì˜ íŒ¨ì…˜ì²´ì¸ì§€ğŸ’œ","en,es,in,pt,vi,zh,zh,ja,ko","https://vlive.tv/video/96776"
"[ì„¤ì•„ ë³´ë‚˜ ë£¨ë‹¤ ë‹¤ì›] ì—ë‰©ë‹ˆì˜¨ì˜ ë·°í‹°ì¸ì‚¬ì´ë“œ V LIVE ğŸ‘­ğŸ‘­â¤","en,es,in,pt,ru,zh,zh,ja,ko","https://vlive.tv/video/96460"
"[ì„¤ì•„ ë³´ë‚˜ ë£¨ë‹¤ ë‹¤ì›] ì—ë‰©ë‹ˆì˜¨ì˜ ì  ê°€ë¥¼ ë¶€íƒí•´ V LIVEğŸ’œ","en,es,in,pt,ru,zh,zh,zh,ja,ko","https://vlive.tv/video/95908"
"[ì„¤ì•„ ë³´ë‚˜ ë£¨ë‹¤ ë‹¤ì›] ì—ë‰©ë‹ˆì˜¨ì˜ ëŒ€ì‹  ì“°ëŠ” í”„ë¡œí•„ V LIVEğŸ’œ","en,es,es,in,in,pt,pt,vi,zh,zh,ja,ko","https://vlive.tv/video/95739"
"ì—ë‰©ë‹ˆì˜¨ì˜ ê°ì„±ì„ ë”°ë¼ V LIVE","en,es,es,in,in,pt,pt,vi,ru,zh,zh,ja,ko","https://vlive.tv/video/95209"
"[WJSN] ìš°ì£¼ì†Œë…€ ë”ì‡¼ 1ìœ„â€¼ï¸â€¼ï¸","en,es,in,in,pt,vi,zh,zh,ja,ko","https://vlive.tv/video/92066"
"[ìˆ˜ë¹ˆ]â¤ì¶• ìˆ˜íƒ„ì ˆ (Feat. ìš°ì •ë“¤ ê³ ë§ˆì›Œ)â¤","en,es,in,in,pt,vi,th,zh,zh,ja,ko","https://vlive.tv/video/89053"
"[WJSN] ì—ë‰©ë‹ˆì˜¨ ìœ ë‹›ê³¼ í•¨ê»˜í•˜ëŠ” ì¦ê±°ìš´ ì‹œê°„ â°ğŸ’•","en,es,in,in,pt,vi,zh,zh,ja,ko","https://vlive.tv/video/88583"
"ë„¤ì´ë²„ ìš°ì£¼ì†Œë…€ë¥¼ ë¶€íƒí•´","en,es,in,in,pt,vi,zh,zh,ja,ko","https://vlive.tv/video/88567"
"[WJSN] ì•„ê·€ë¥´ë–¼ìŠ¤ ìœ ë‹›ê³¼ í•¨ê»˜í•˜ëŠ” ì¦ê±°ìš´ ì‹œê°„ â°ğŸ’•","en,es,es,in,in,pt,pt,vi,zh,zh,ja,ko","https://vlive.tv/video/88361"
"[WJSN] í¬ë ˆìš°ìŠ¤ ìœ ë‹›ê³¼ í•¨ê»˜í•˜ëŠ” ì¦ê±°ìš´ ì‹œê°„ â°ğŸ’•","en,es,es,in,in,pt,pt,vi,zh,zh,ja,ko","https://vlive.tv/video/88209"
"[ë³´ë‚˜]ëŠ¦ì—ˆì§€ë§Œ ë½€íƒ„ì ˆ ê°ì‚¬í•©ë‹ˆë‹¤ğŸ˜˜","en,es,in,pt,vi,th,zh,zh,ja,ko","https://vlive.tv/video/86531"
"[ë£¨ë‹¤] ë£¨ë‹¤ì˜ TMI Q&AğŸ”","en,es,in,pt,vi,th,zh,zh,ja,ja,ko","https://vlive.tv/video/85484"
"[ìš°ì£¼ì†Œë…€]ìš°ì£¼ì†Œë…€900ì¼ ëœ ë‚ ğŸ‘ğŸ‰","en,es,in,pt,vi,zh,zh,ja,ko","https://vlive.tv/video/84338"
"[ë‹¤ì˜] ë‹¤ì˜ì´ì˜ ìš”ë¦¬êµì‹¤ğŸ³ Ep.07","en,es,in,pt,vi,zh,zh,ja,ko","https://vlive.tv/video/83950"
"[ì—‘ì‹œ/ì„¤ì•„] ì—‘ë–¨ì˜ ìš°ì¥¬í¬ë°•ìŠ¤ğŸ§ Ep.07","en,es,in,pt,vi,th,zh,zh,ja,ko","https://vlive.tv/video/83798"
"[ì€ì„œ] ì€ì„œì˜ ëœë¤ê²Œì„ ğŸ¶ğŸ’ƒğŸ® Ep.03","en,es,es,in,in,pt,pt,vi,zh,zh,ja,ko,ko","https://vlive.tv/video/83390"
"[ì—°ì •] ë¡íƒ„ì ˆ ë¸Œì´ì•±ì´ ì™”ì–´ìš”ğŸ’• ","en,es,in,pt,vi,zh,zh,zh,ja,ko","https://vlive.tv/video/83221"
"[ì„±ì†Œ] ìƒì¼ ì¶•í•˜í•´ì¤˜ì„œ ê³ ë§ˆì›Œìš”","en,es,es,in,pt,vi,th,zh,zh,zh,ja,ko,ko","https://vlive.tv/video/81674"
"[ë‹¤ì˜] ë‹¤ì˜ì´ì˜ ìš”ë¦¬êµì‹¤ğŸ³ Ep.06","en,es,es,in,in,pt,pt,vi,zh,zh,ja,ko","https://vlive.tv/video/80859"
"[ì€ì„œ] ì€ì„œì˜ ëœë¤ê²Œì„ ğŸ¶ğŸ’ƒğŸ® Ep.02","en,es,in,pt,vi,zh,zh,zh,ja,ko","https://vlive.tv/video/78798"
"[ë‹¤ì˜] ë‹¤ì˜ì´ì˜ ìš”ë¦¬êµì‹¤ğŸ³ Ep.05","en,es,es,in,in,pt,pt,vi,zh,zh,ja,ko","https://vlive.tv/video/77894"
"[ì—‘ì‹œ ì„¤ì•„] ì—‘ë–¨ì˜ ìš°ì¥¬í¬ë°•ìŠ¤ğŸ§ Ep.05","en,es,es,in,pt,vi,zh,zh,ja,ko","https://vlive.tv/video/76770"
"[ì—°ì •] ì—°ì •ì´ì˜ í”Œë ˆì´ë¦¬ìŠ¤íŠ¸ğŸ¶ Ep.01","en,es,es,fr,in,pt,vi,zh,zh,ja,ko","https://vlive.tv/video/76461"
"[ë£¨ë‹¤] ë£¨ë‹¤ì˜ í‚¤ ì‘¥ì‘¥ ìŠ¤íŠ¸ë ˆì¹­ êµì‹¤ Ep.04","en,es,in,pt,vi,zh,zh,ja,ko","https://vlive.tv/video/76173"
"[ë‹¤ì˜] ë‹¤ì˜ì´ì˜ ìš”ë¦¬êµì‹¤ ğŸ³ Ep.04-2","en,es,es,fr,in,pt,vi,zh,zh,zh,ja,ko,ko","https://vlive.tv/video/75885"
"[ë‹¤ì˜] ë‹¤ì˜ì´ì˜ ìš”ë¦¬êµì‹¤ ğŸ³ Ep.04 -1","en,es,es,in,pt,vi,zh,zh,zh,ja,ko","https://vlive.tv/video/75865"
"[ì€ì„œ] ì€ì„œì˜ ëœë¤ê²Œì„ ğŸ¶ğŸ’ƒğŸ»ğŸ® Ep.01","en,es,in,pt,vi,zh,zh,zh,ja,ko","https://vlive.tv/video/75642"
"[ìˆ˜ë¹ˆ ì—¬ë¦„] ëšœë¦„ì˜ ìš°ì£¼ë‰´ìŠ¤ğŸ‘­ Ep.03","en,es,in,pt,vi,zh,zh,zh,ja,ko","https://vlive.tv/video/75365"
"[ì—‘ì‹œ/ì„¤ì•„] ì—‘ë–¨ì˜ ìš°ì¥¬í¬ë°•ìŠ¤ ğŸ§ Ep.04","en,es,in,pt,vi,zh,zh,zh,ja,ko","https://vlive.tv/video/74826"
"[ë‹¤ì›] ë‹¤ì›ì´ì˜ í—¬ìŠ¤êµì‹¤ğŸ’ªğŸ»ğŸ’• Ep.03","en,es,es,es,in,in,pt,pt,vi,zh,zh,zh,ja,ko","https://vlive.tv/video/74589"
"[ì„±ì†Œ] ì„±ì†Œì˜ ì†Œí™•í–‰â­ Ep.02 ","en,es,es,es,in,in,pt,pt,pt,vi,zh,zh,zh,ja,ko","https://vlive.tv/video/74327"
"[ë‹¤ì˜] ë‹¤ì˜ì´ì˜ ìš”ë¦¬êµì‹¤ ğŸ³ Ep.03","en,es,es,in,pt,vi,zh,zh,zh,ja,ko","https://vlive.tv/video/74005"
"[ë‹¤ì›] ë‹¤ì›ì´ì˜ í—¬ìŠ¤êµì‹¤ğŸ’ªğŸ»ğŸ’•","en,es,in,pt,vi,zh,zh,zh,ja,ko","https://vlive.tv/video/73011"
"[ì€ì„œ] í•´í”¼ì€ì„œë°ì´","en,es,in,pt,vi,zh,zh,zh,ja,ko","https://vlive.tv/video/72951"
"[ìš°ì£¼ì†Œë…€] ì—¬ê¸´ ì–´ë””ì¼ê¹Œìš”â‰","en,es,es,fr,in,pt,vi,zh,zh,zh,ja,ko","https://vlive.tv/video/72519"
"[ì—‘ì‹œ] ì—‘ì‹œì™€ í•¨ê»˜ ì €ë… ì‚°ì±…ğŸ’•","en,es,in,pt,vi,zh,zh,zh,ja,ko","https://vlive.tv/video/72380"
"[ë³´ë‚˜/ì€ì„œ] ì—°ìë§¤ì˜ ëˆ•ë°©ğŸ‘­ğŸ’•","en,es,in,pt,vi,zh,zh,zh,ja,ko","https://vlive.tv/video/72250"
"[ë‹¤ì›] ë‹¤ì›ì´ì˜ í—¬ìŠ¤êµì‹¤ğŸ’ªğŸ»ğŸ’•","en,es,in,pt,vi,zh,zh,zh,ja,ko","https://vlive.tv/video/71985"
"[ì—‘ì‹œ/ì„¤ì•„] ì—‘ë–¨ì˜ ìš°ì¥¬í¬ë°•ìŠ¤ ğŸ§ Ep.03","en,es,in,pt,vi,zh,zh,zh,ja,ko","https://vlive.tv/video/71717"
"[ë³´ë‚˜] ë½€ë‘ë‘¥ ìƒì¡´ì‹ ê³ 2ğŸ’•","zh,ko","https://vlive.tv/video/70827"
"[ì€ì„œ]ì€ì„œì˜ í‡´ê·¼ í›„ ğŸš¶â€â™€ï¸ğŸ’–","zh","https://vlive.tv/video/70375"
"[ìš°ì£¼ë¯¸í‚¤] ë‘ë²ˆì§¸ë¡œ ë§Œë‚˜ëŠ” ìš°ì£¼ë¯¸í‚¤","en,es,in,pt,vi,th,zh,zh,zh,ja,ko","https://vlive.tv/video/69739"
"[ìš°ì£¼ë¯¸í‚¤] ì²˜ìŒìœ¼ë¡œ ë§Œë‚˜ëŠ” ìš°ì£¼ë¯¸í‚¤","en,es,in,pt,vi,zh","https://vlive.tv/video/69279"
"[ì„¤ì•„ ë³´ë‚˜ ë£¨ë‹¤ ë‹¤ì›] ì—ë‰©ë‹ˆì˜¨ì˜ ìš°ì£¼ê³ ë¯¼ìƒë‹´ì†Œ","en","https://vlive.tv/video/66950"
"[ë£¨ë‹¤] ë£¨ë‹¤ìŒ¤ì˜ ì˜¤ë‹µí’€ì´ğŸ–ğŸ“š","zh","https://vlive.tv/video/66219"
"[ë£¨ë‹¤] HAPPY LUDA DAY ğŸ‘ğŸ°","en,ko","https://vlive.tv/video/61930"
"[ì„±ì†Œ] ìš°ì£¼ë‚˜ì‡ - ì„±ì†Œë³´ì´ìŠ¤","ko","https://vlive.tv/video/60676"
"[ì„¤ì•„/ë£¨ë‹¤/ë³´ë‚˜/ë¯¸ê¸°/ë‹¤ì›] ì—ë‰©ë‹ˆì˜¨ ìœ ë‹›ê³¼ í•¨ê»˜í•˜ëŠ” ì¦ê±°ìš´ ì‹œê°„ â°ğŸ’• ","en","https://vlive.tv/video/60625"
"[ì„±ì†Œ/ì„ ì˜/ìˆ˜ë¹ˆ/ì—‘ì‹œ] ì•„ê·€ë¥´ë–¼ìŠ¤ ìœ ë‹›ê³¼ í•¨ê»˜í•˜ëŠ” ì¦ê±°ìš´ ì‹œê°„ â°ğŸ’•","en,es,in,pt,zh,zh,zh,ja,ko","https://vlive.tv/video/60533"
"[ì—°ì •/ì—¬ë¦„/ë‹¤ì˜/ì€ì„œ] í¬ë ˆìš°ìŠ¤ ìœ ë‹›ê³¼ í•¨ê»˜í•˜ëŠ” ì¦ê±°ìš´ ì‹œê°„ â°ğŸ’•","en,es,in,pt,zh,zh,zh,ja,ko","https://vlive.tv/video/60381"
"[ì€ì„œ] ìš°ì£¼ë‚˜ì‡ - ì€ì„œë³´ì´ìŠ¤","ko","https://vlive.tv/video/60306"
"[ë‹¤ì›] ìš°ì£¼ë‚˜ì‡ - ë‹¤ì›ë³´ì´ìŠ¤","ko","https://vlive.tv/video/60128"
"[ë£¨ë‹¤] ë£¨ë‹¤ì˜ í‚¤ ì‘¥ì‘¥ ìŠ¤íŠ¸ë ˆì¹­ êµì‹¤ğŸ™†ğŸ» Ep.02","en,es,in,pt,zh,zh,zh,ja,ko","https://vlive.tv/video/60056"
"[ë£¨ë‹¤] ìš°ì£¼ë‚˜ì‡ - ë£¨ë‹¤ë³´ì´ìŠ¤","ko","https://vlive.tv/video/59997"
"ì„¤ë‚ ê¸°ë…ê¹œì§ë¸Œì´ì•±ã…ã…‡ã…","ko","https://vlive.tv/video/59750"
"[ë³´ë‚˜] ìš°ì£¼ë‚˜ì‡ - ë³´ë‚˜ë³´ì´ìŠ¤","ko","https://vlive.tv/video/59367"
"[ì—°ì •] ë¡ì´ì˜ í‡´ê·¼ í›„ ğŸš˜","ko","https://vlive.tv/video/59354"
"[ìˆ˜ë¹ˆ] ìš°ì£¼ë‚˜ì‡ - ìˆ˜ë¹ˆë³´ì´ìŠ¤","ko","https://vlive.tv/video/59218"
"[ì„¤ì•„] ìš°ì£¼ë‚˜ì‡ - ì„¤ì•„ë³´ì´ìŠ¤","ko","https://vlive.tv/video/59072"
"[ì—‘ì‹œ] ìš°ì£¼ë‚˜ì‡ - ì—‘ì‹œë³´ì´ìŠ¤","ko","https://vlive.tv/video/58927"
"[ë¯¸ê¸°] ìš°ì£¼ë‚˜ì‡ - ë¯¸ê¸°ë³´ì´ìŠ¤","ko","https://vlive.tv/video/58608"
"[ë³´ë‚˜] ìš°ì£¼ë‚˜ì‡ - ë³´ë‚˜ë³´ì´ìŠ¤","en,es,vi,ko","https://vlive.tv/video/58468"
"[ì—¬ë¦„] ìš°ì£¼ë‚˜ì‡ - ì—¬ë¦„ë³´ì´ìŠ¤","en,es,tr,ko","https://vlive.tv/video/58329"
"[ì—°ì •] ìš°ì£¼ë‚˜ì‡ - ì—°ì •ë³´ì´ìŠ¤","en,tr,zh,ko","https://vlive.tv/video/58101"
"[ì€ì„œ] ìš°ì£¼ë‚˜ì‡ - ì€ì„œë³´ì´ìŠ¤","ko","https://vlive.tv/video/58038"
"[ìˆ˜ë¹ˆ] ìš°ì£¼ë‚˜ì‡ - ìˆ˜ë¹ˆë³´ì´ìŠ¤","ko","https://vlive.tv/video/57807"
"[ìš°ì£¼ì†Œë…€] ê³µì‹ì‘ì›ë´‰ ìµœì´ˆê³µê°œ!","en,es,in,pt,zh,zh,zh,ja,ko","https://vlive.tv/video/57756"
"[ì„ ì˜] ì„ ì˜ì™€ í•¨ê»˜í•˜ëŠ” ì‹œê°„â£ï¸","en,es,pt,vi,tr,zh,ko","https://vlive.tv/video/57087"
"[ìš°ì£¼ì†Œë…€] 700ì¼ ì¶•í•˜í•´ìš”!","en,es,in,pt,zh,zh,ja,ko","https://vlive.tv/video/56682"
"[ìš°ì£¼ì†Œë…€] ìƒì¼ì¶•í•˜í•´ìš” ìš°ì •â¤ï¸","en,es,in,pt,zh,zh,ja,ko","https://vlive.tv/video/55002"
"[ì—¬ë¦„] í•´í”¼ ë¦„ì“°ë°ì´","en,es,in,pt,vi,vi,zh,zh,ja,ko","https://vlive.tv/video/54843"
"[ì—¬ë¦„] ìš°ì£¼ë‚˜ì‡ - ì—¬ë¦„ë³´ì´ìŠ¤","en,es,ar,zh","https://vlive.tv/video/54168"
"[ì—°ì •] ìš°ì£¼ë‚˜ì‡ - ì—°ì •ë³´ì´ìŠ¤","en,vi,zh,ko","https://vlive.tv/video/54051"
"[ì—‘ì‹œ] ìš°ì£¼ë‚˜ì‡ - ì—‘ì‹œë³´ì´ìŠ¤","zh","https://vlive.tv/video/53978"
"[ìš°ì£¼ì†Œë…€] ìš°ì • ìƒˆí•´ë³µë§ì´ë°›ìœ¼ì„¸ìš©â¤ï¸","en,es,in,pt,vi,zh,zh,zh,ja,ko","https://vlive.tv/video/53925"
"[ë¯¸ê¸°] ìš°ì£¼ë‚˜ì‡ - ë¯¸ê¸°ë³´ì´ìŠ¤","en,zh,ja","https://vlive.tv/video/53796"
"[ì€ì„œ] ìš°ì£¼ë‚˜ì‡ - ì€ì„œë³´ì´ìŠ¤","en","https://vlive.tv/video/53713"
"[ë‹¤ì›] ìš°ì£¼ë‚˜ì‡ - ë‹¤ì›ë³´ì´ìŠ¤","en,th,zh","https://vlive.tv/video/53586"
"[ë‹¤ì˜] ìš°ì£¼ë‚˜ì‡ - ë‹¤ì˜ë³´ì´ìŠ¤","en,es","https://vlive.tv/video/53373"
"[ì„¤ì•„] ìƒì¼ì¶•í•˜í•©ë‹ˆë‹¤ ğŸ‰","en,es,in,pt,vi,zh,zh,zh,ja,ko","https://vlive.tv/video/53160"
"[ìˆ˜ë¹ˆ] ìš°ì£¼ë‚˜ì‡ - ìˆ˜ë¹ˆë³´ì´ìŠ¤","en,es","https://vlive.tv/video/52383"
"[ì„ ì˜] ìš°ì£¼ë‚˜ì‡ - ì„ ì˜ë³´ì´ìŠ¤","en,es,ar,th,zh,ko","https://vlive.tv/video/52338"
"[ë³´ë‚˜] ìš°ì£¼ë‚˜ì‡ - ë³´ë‚˜ë³´ì´ìŠ¤","en,es,ar,zh","https://vlive.tv/video/52262"
"[ì„¤ì•„] ìš°ì£¼ë‚˜ì‡ - ì„¤ì•„ë³´ì´ìŠ¤","en,es,ar,th,zh","https://vlive.tv/video/52115"
"[ì—‘ì‹œ] ìš°ì£¼ë‚˜ì‡ - ì—‘ì‹œë³´ì´ìŠ¤","en,es","https://vlive.tv/video/52012"
"[ë³´ë‚˜] ë³´ë‚˜ê°€ ëŒì•„ì™”ì§€ì—°ğŸ™‹â€â™€ï¸","en,es,vi,th,zh","https://vlive.tv/video/44680"
"[ë¯¸ê¸°] ìš°ì •ë“¤ ê³ ë§ˆì›Œìš”â¤ï¸","en,es,th,zh,zh","https://vlive.tv/video/44530"
"[ìˆ˜ë¹ˆ] ìˆ˜ë¹ˆë°ì´â¤ï¸","zh","https://vlive.tv/video/41693"
"[ì€ì„œ ë‹¤ì˜] ì €ë…ì‹ì‚¬ ë¸Œì´ì•±ğŸš","en","https://vlive.tv/video/40982"
"[ì—¬ë¦„] ë‚˜í™€ë¡œ ë¸Œì´ì•±ğŸ˜˜","en,in,vi","https://vlive.tv/video/40828"
"[ì—¬ë¦„] ë‚˜í™€ë¡œ ë¸Œì´ì•±ğŸ˜˜","en,es,vi,tr","https://vlive.tv/video/40836"
"[ì€ì„œ] ì˜¤ëœë§Œì— ì€ì„œê°€ ì™”ì€ì„œğŸ’•","en,es,ko","https://vlive.tv/video/40258"
"[ì—°ì •] ì—°ì •ì´ì˜ ê¹œì§ ë¸Œì´ì•± âœŒï¸ 3","en","https://vlive.tv/video/37439"
"[ì—°ì •] ì—°ì •ì´ì˜ ê¹œì§ ë¸Œì´ì•±âœŒï¸ 2","en","https://vlive.tv/video/37437"
"[ì—°ì •] ì—°ì •ì´ì˜ ê¹œì§ ë¸Œì´ì•±âœŒï¸","en,tr","https://vlive.tv/video/37435"
"[ë£¨ë‹¤] ë£¨ë‘ë‹¨ ì°½ë‹¨ì‹ğŸ‘ğŸ’•","zh","https://vlive.tv/video/36028"
"[ì„±ì†Œ] ì„±ì†Œì™€ í•¨ê»˜ í•˜ëŠ” ë¸Œì´ì•± ì‹œê°„","en,es,in,pt,vi,th,ja,ko","https://vlive.tv/video/35998"
"[ë‹¤ì›/ì—¬ë¦„/ë¯¸ê¸°] ë‹¤ì—¬ë¯¸ì™€ì•„ë¬´ë§ëŒ€ì”ì¹˜ğŸ¤","en","https://vlive.tv/video/35891"
"[ë‹¤ì›/ì—¬ë¦„/ë¯¸ê¸°] ì•„ë¬´ì†¡ëŒ€ì”ì¹˜2","en,es","https://vlive.tv/video/35896"
"[ìš°ì£¼ì†Œë…€] ìê¸° ì „ì— ë§Œë‚˜ìš” ìš°ì •~ğŸ™Œ","en,vi","https://vlive.tv/video/34862"
"[WJSN] ìš°ì •! ê³ ë§ˆì›Œìš”!ğŸ’•","en,es,vi,tr,zh","https://vlive.tv/video/33310"
"[ì€ì„œ] HAA[ì€ì„œ]HAPPY EUNSEO DAYğŸ˜","en,es,in,pt,tr,th,zh,zh,zh,ja,ko","https://vlive.tv/video/31371"
"[ìš°ì£¼ì†Œë…€] ì½˜ì„œíŠ¸ ë!ğŸ˜­ğŸ˜­ ìš°ì •ì•„ ìš°ì •í•´ğŸ’•","en,es,in,pt,vi,tr,ar,th,zh,zh,ja,ko","https://vlive.tv/video/30741"
"[ì„¤ì•„] ì„¤ì•„ë‹¤ ğŸ™Œ","en,es,pt,pt,tr,ar,th,zh,ko","https://vlive.tv/video/27293"
"ë³´ë‚˜ë‘ì—‘ì‹œì‹¬ì‹¬í•´ã… .ã… ","en,es,in,pt,ar,zh,zh,ja,ko","https://vlive.tv/video/26969"
"[ë£¨ë‹¤] ë£¨ë‹¤ì™€ ì¹´í˜ë°ì´íŠ¸â˜•","en,zh","https://vlive.tv/video/26447"
"[ë³´ë‚˜/ì€ì„œ] ì—°ìë§¤ì—ê²Œ ë¬¼ì–´ë´ğŸ“£ğŸ’•","zh,ko","https://vlive.tv/video/26353"
"[ì—°ì •/ë‹¤ì˜] DJë¡ì´ DJìš”ë¯¸ğŸ‘­","en","https://vlive.tv/video/26138"
"[ì—°ì •] ê°™ì´ ê±¸ì„ê¹Œìš”? â™¥","en,es,in,pt,th,zh,zh,ja,ko","https://vlive.tv/video/24880"
"[ë£¨ë‹¤] HAPPY LUDA DAY ğŸ‚","en,en,es,in,pt,vi,zh,zh,zh,ja,ko","https://vlive.tv/video/24329"
"[ìš°ì£¼ì†Œë…€] 'ë„ˆì—ê²Œ ë‹¿ê¸°ë¥¼' ë§‰ë°© í˜„ì¥! ğŸ’š","en,es,es,in,pt,zh,zh,ja,ko","https://vlive.tv/video/24326"
"[ì„¤ì•„/ìˆ˜ë¹ˆ] ìš°ì •ë“¤ êµ¿ë‚˜ì‡ ğŸŒ™ 2","en,es,in,pt,th,zh,zh,zh,ja,ko","https://vlive.tv/video/24025"
"[ì„¤ì•„/ìˆ˜ë¹ˆ] ë–¨ëšœì˜ ìš°ì •ë“¤ êµ¿ë‚˜ì‡ğŸŒ™","en,es,in,pt,pt,ar,th,zh,zh,ja,ko","https://vlive.tv/video/24022"
"[ìš°ì£¼ì†Œë…€] ì§€êµ¬ íƒë°© 1ì£¼ë…„!ğŸ‚","en,es,in,pt,vi,vi,tr,ar,th,zh,zh,zh,ja,ko","https://vlive.tv/video/23782"
"ì—¬ë³´~ ì»¤í”¼ í•œ ì”?â˜•","en","https://vlive.tv/video/23012"
"[ë¯¸ê¸°/ì—°ì •] ëŒì•„ì˜¨ ë¯¸ê¸°... ì œëª© ë§Œë“¤ê¸° ì–´ë ¤ì›Œìš” ã… ã… ","en,es,vi,th","https://vlive.tv/video/22817"
"[ì—‘ì‹œ/ì€ì„œ] ìš°ì •ë“¤ì— ì˜í•œ ìš°ì •ë“¤ì„ ìœ„í•œ ìš°ì •ë“¤ê³¼ í•¨ê»˜ í•˜ëŠ” ë°©ì†¡ ğŸ“º","en,th,ko","https://vlive.tv/video/22722"
"[ì€ì„œ] ì€ë–  ì¡¸ì—…í•´ë–  ğŸ˜˜","en,ko,ko","https://vlive.tv/video/22417"
"[ì€ì„œ/ë£¨ë‹¤] ìë‹ˆë‹¤ë‹ˆ í•¨ê»˜ í•˜ì‹¤ë˜ìš”?ğŸ˜˜","en","https://vlive.tv/video/21763"
"[WJSN_í‡´ê·¼!] ìš°ì£¼ì†Œë…€ì˜ ìˆ˜ìš”ì¼ í‡´ê·¼ê¸¸ğŸ’•","en,es,vi,ko","https://vlive.tv/video/21664"
"ìš°ì£¼ì†Œë…€ì˜ surprise (AAAì‹œìƒì‹ ë’· ì´ì•¼ê¸°)","en,zh","https://vlive.tv/video/17171"
"ì„¤ì•„&ìˆ˜ë¹ˆì´ì™€ í•¨ê»˜í•˜ëŠ” ì˜¤í›„ì˜ ë°ì´íŠ¸","en,es,in,pt,zh,zh,ja","https://vlive.tv/video/16795"
"ì§€êµ¬ë³„íƒë°©ê¸° Chapter10","en,es,in,hu,pt,zh,zh,ja","https://vlive.tv/video/16620"
"ì—¬ë¦„ì´ë‘ ë‹¤ì˜ì´_ê¶ê¸ˆí•˜ë©´ í´ë¦­","en,es,in,pt,th,zh,zh,ja,ko,ko","https://vlive.tv/video/15572"
"ìš°ì£¼ì†Œë…€ì˜ ì§€êµ¬ë³„ íƒë°©ê¸° Chapter8 ë¶€ì‚° ê¹œì§ ë¼ì´ë¸Œ!","en,es,in,pt,vi,vi,zh,zh,ko","https://vlive.tv/video/12925"
"ìš°ì£¼ì†Œë…€ì˜ ì§€êµ¬ë³„ íƒë°©ê¸° Chapter7 ì§€êµ¬ì˜¨ì§€ 100ì¼","en,es,in,pt,zh,zh,ja","https://vlive.tv/video/9358"
"ìš°ì£¼ì†Œë…€ì˜ ì§€êµ¬ë³„ íƒë°©ê¸° Chapter6 in ë¶€ì‚°","en,es,in,pt,vi,th,zh,zh,ja","https://vlive.tv/video/8708"
"ìš°ì£¼ì†Œë…€(WJSN) Vì•± ì˜¤í”ˆ!","en,en,es,in,pt,pt,vi,tr,th,zh,zh,ja,ko","https://vlive.tv/video/8266"
"ìš°ì£¼ì†Œë…€(WJSN)ì˜ ì§€êµ¬ë³„ ìš”ë¦¬ íƒë°©ê¸° Chapter1","en,es,in,pt,vi,zh,zh,ja","https://vlive.tv/video/7683"
"ìš°ì£¼ì†Œë…€(WJSN)ì˜ ì§€êµ¬ë³„ íƒë°©ê¸° Chapter5","en,es,in,pt,pt,vi,zh,zh,zh,ja","https://vlive.tv/video/7050"
"ìš°ì£¼ì†Œë…€(WJSN)ì˜ ì§€êµ¬ë³„ íƒë°©ê¸° Chapter4","en,es,in,pt,vi,zh,zh,zh","https://vlive.tv/video/6546"
"ìš°ì£¼ì†Œë…€(WJSN)ì˜ ì§€êµ¬ë³„ íƒë°©ê¸° Chapter3 ìš°ì£¼ì†Œë…€ì˜ ìš°ì£¼ì„  ê³µê°œ (W.ì€ì„œ&ë‹¤ì˜)","en,pt,pt,zh","https://vlive.tv/video/6334"
"ìš°ì£¼ì†Œë…€(WJSN)ì˜ ì§€êµ¬ë³„ íƒë°©ê¸° Chapter2","en,pt,zh","https://vlive.tv/video/6025"
"ìš°ì£¼ì†Œë…€(WJSN)ì˜ ì§€êµ¬ë³„ íƒë°©ê¸° Chapter1","en,es,pt,pt,vi,zh,zh","https://vlive.tv/video/5962"